Age,Sleep_Hours,Work_Hours,Physical_Activity_Hours,Gender_Female,Gender_Male,Gender_Non-binary,Gender_Prefer not to say,Occupation_Education,Occupation_Engineering,Occupation_Finance,Occupation_Healthcare,Occupation_IT,Occupation_Other,Occupation_Sales,Country_Australia,Country_Canada,Country_Germany,Country_India,Country_Other,Country_UK,Country_USA,Mental_Health_Condition_Yes_DecisionTree_prediction,Mental_Health_Condition_Yes_GradientBoosting_prediction,Mental_Health_Condition_Yes_KNeighbors_prediction,Mental_Health_Condition_Yes_LogisticRegression_prediction,Mental_Health_Condition_Yes_NaiveBayes_prediction,Mental_Health_Condition_Yes_RandomForest_prediction,Mental_Health_Condition_Yes_SVC_prediction,Severity_DecisionTree_prediction,Severity_GradientBoosting_prediction,Severity_KNeighbors_prediction,Severity_LogisticRegression_prediction,Severity_NaiveBayes_prediction,Severity_RandomForest_prediction,Severity_SVC_prediction,Stress_Level_DecisionTree_prediction,Stress_Level_GradientBoosting_prediction,Stress_Level_KNeighbors_prediction,Stress_Level_LogisticRegression_prediction,Stress_Level_NaiveBayes_prediction,Stress_Level_RandomForest_prediction,Stress_Level_SVC_prediction
28,6.5,9,0.5,0,1,0,0,0,0,0,0,1,0,0,0,0,0,0,0,0,1,1.0,1.0,0.0,0.0,0.0,1.0,0.0,3.0,3.0,1.0,3.0,2.0,1.0,1.0,0,1,0,0,2,0,2
35,7.2,8,1.2,1,0,0,0,0,0,1,0,0,0,0,0,0,0,0,0,1,0,0.0,0.0,0.0,0.0,0.0,1.0,0.0,3.0,3.0,1.0,3.0,2.0,2.0,1.0,0,1,0,0,2,1,2
42,5.8,10,0.3,0,0,1,0,0,1,0,0,0,0,0,0,0,0,0,0,0,1,1.0,1.0,0.0,0.0,0.0,1.0,0.0,3.0,3.0,3.0,3.0,2.0,2.0,3.0,0,1,0,0,2,0,2
24,8.0,7,2.0,0,0,0,1,1,0,0,0,0,0,0,1,0,0,0,0,0,0,0.0,1.0,0.0,0.0,0.0,0.0,0.0,3.0,3.0,1.0,3.0,2.0,3.0,3.0,0,1,1,0,2,0,2
31,6.0,9,0.8,1,0,0,0,0,0,0,0,0,0,1,0,0,1,0,0,0,0,1.0,1.0,0.0,0.0,0.0,0.0,0.0,3.0,3.0,1.0,3.0,2.0,2.0,1.0,0,1,1,0,2,0,2
